product_id,name,category,material,color,style,price,rating
P0001,Modern Fabric Chair,Chair,Fabric,Blue,Modern,7757,3.9
P0002,Modern Fabric Table,Table,Fabric,White,Modern,9958,4.4
P0003,Vintage Wood Sofa,Sofa,Wood,Black,Vintage,41204,4.2
P0004,Vintage Fabric Chair,Chair,Fabric,Grey,Vintage,9129,3.4
P0005,Vintage Glass Wardrobe,Wardrobe,Glass,Brown,Vintage,42640,3.4
P0006,Contemporary Fabric Chair,Chair,Fabric,Brown,Contemporary,3668,3.3
P0007,Industrial Leather Table,Table,Leather,Brown,Industrial,10353,4.0
P0008,Minimalist Wood Wardrobe,Wardrobe,Wood,White,Minimalist,41924,4.9
P0009,Minimalist Glass Wardrobe,Wardrobe,Glass,Beige,Minimalist,23151,4.0
P0010,Industrial Glass Table,Table,Glass,Brown,Industrial,20620,4.7
P0011,Contemporary Glass Chair,Chair,Glass,Beige,Contemporary,6579,3.7
P0012,Industrial Metal Sofa,Sofa,Metal,Black,Industrial,76575,4.9
P0013,Minimalist Glass Chair,Chair,Glass,Black,Minimalist,6859,4.5
P0014,Modern Wood Chair,Chair,Wood,Blue,Modern,6307,4.2
P0015,Modern Glass Chair,Chair,Glass,Black,Modern,2673,4.0
P0016,Vintage Fabric Table,Table,Fabric,Beige,Vintage,18628,4.6
P0017,Vintage Fabric Bed,Bed,Fabric,Grey,Vintage,15276,4.7
P0018,Industrial Glass Table,Table,Glass,Grey,Industrial,22996,3.8
P0019,Contemporary Glass Table,Table,Glass,Blue,Contemporary,8900,4.5
P0020,Minimalist Leather Wardrobe,Wardrobe,Leather,Grey,Minimalist,26299,3.7
P0021,Vintage Leather Bed,Bed,Leather,Blue,Vintage,28919,4.5
P0022,Vintage Fabric Wardrobe,Wardrobe,Fabric,Brown,Vintage,40332,4.8
P0023,Industrial Leather Chair,Chair,Leather,Brown,Industrial,4941,3.8
P0024,Vintage Leather Chair,Chair,Leather,Brown,Vintage,3404,4.7
P0025,Modern Metal Sofa,Sofa,Metal,White,Modern,68219,3.3
P0026,Contemporary Glass Sofa,Sofa,Glass,Black,Contemporary,65574,3.0
P0027,Contemporary Leather Wardrobe,Wardrobe,Leather,Blue,Contemporary,39728,3.1
P0028,Modern Metal Table,Table,Metal,Brown,Modern,19000,4.6
P0029,Modern Leather Wardrobe,Wardrobe,Leather,Blue,Modern,10659,3.4
P0030,Modern Metal Wardrobe,Wardrobe,Metal,White,Modern,25152,3.1
P0031,Minimalist Leather Table,Table,Leather,White,Minimalist,15290,4.8
P0032,Modern Wood Bed,Bed,Wood,Beige,Modern,57511,3.2
P0033,Vintage Wood Table,Table,Wood,Grey,Vintage,19705,4.9
P0034,Minimalist Glass Bed,Bed,Glass,Blue,Minimalist,34107,4.1
P0035,Vintage Fabric Sofa,Sofa,Fabric,White,Vintage,25186,4.5
P0036,Modern Wood Chair,Chair,Wood,Blue,Modern,8922,4.6
P0037,Minimalist Wood Chair,Chair,Wood,Blue,Minimalist,3305,3.2
P0038,Minimalist Leather Chair,Chair,Leather,Beige,Minimalist,5253,4.3
P0039,Minimalist Leather Bed,Bed,Leather,White,Minimalist,57671,5.0
P0040,Modern Fabric Wardrobe,Wardrobe,Fabric,Blue,Modern,40148,4.7
P0041,Modern Fabric Chair,Chair,Fabric,White,Modern,2081,5.0
P0042,Vintage Wood Wardrobe,Wardrobe,Wood,White,Vintage,29419,4.9
P0043,Vintage Leather Table,Table,Leather,White,Vintage,22263,3.9
P0044,Vintage Glass Wardrobe,Wardrobe,Glass,Grey,Vintage,31083,4.7
P0045,Industrial Leather Chair,Chair,Leather,Blue,Industrial,6917,4.4
P0046,Industrial Glass Wardrobe,Wardrobe,Glass,White,Industrial,41916,4.2
P0047,Modern Leather Table,Table,Leather,Beige,Modern,13984,4.8
P0048,Modern Glass Table,Table,Glass,Beige,Modern,14276,4.7
P0049,Industrial Fabric Table,Table,Fabric,Beige,Industrial,17643,3.6
P0050,Minimalist Leather Sofa,Sofa,Leather,Blue,Minimalist,36339,4.6
P0051,Contemporary Metal Chair,Chair,Metal,Black,Contemporary,7976,4.2
P0052,Minimalist Metal Table,Table,Metal,Black,Minimalist,6337,4.1
P0053,Minimalist Glass Chair,Chair,Glass,Beige,Minimalist,8158,3.8
P0054,Modern Wood Sofa,Sofa,Wood,Brown,Modern,39562,4.4
P0055,Minimalist Fabric Sofa,Sofa,Fabric,Black,Minimalist,39065,3.5
P0056,Modern Leather Sofa,Sofa,Leather,Beige,Modern,60808,3.7
P0057,Minimalist Fabric Chair,Chair,Fabric,Grey,Minimalist,3233,4.3
P0058,Minimalist Metal Sofa,Sofa,Metal,Brown,Minimalist,53276,4.1
P0059,Minimalist Wood Wardrobe,Wardrobe,Wood,Brown,Minimalist,34094,3.8
P0060,Modern Metal Wardrobe,Wardrobe,Metal,Brown,Modern,19138,4.3
P0061,Modern Leather Table,Table,Leather,Brown,Modern,24249,4.6
P0062,Minimalist Glass Sofa,Sofa,Glass,Brown,Minimalist,20048,3.4
P0063,Vintage Leather Wardrobe,Wardrobe,Leather,Beige,Vintage,38522,4.2
P0064,Modern Wood Wardrobe,Wardrobe,Wood,Grey,Modern,34645,4.2
P0065,Industrial Leather Bed,Bed,Leather,Beige,Industrial,58684,4.5
P0066,Vintage Glass Bed,Bed,Glass,Grey,Vintage,56617,4.2
P0067,Vintage Wood Wardrobe,Wardrobe,Wood,White,Vintage,36319,3.6
P0068,Modern Wood Chair,Chair,Wood,Black,Modern,3415,3.5
P0069,Minimalist Leather Sofa,Sofa,Leather,Brown,Minimalist,27449,4.7
P0070,Industrial Wood Table,Table,Wood,Beige,Industrial,13371,4.6
P0071,Vintage Wood Sofa,Sofa,Wood,Grey,Vintage,72254,4.1
P0072,Minimalist Wood Chair,Chair,Wood,Blue,Minimalist,4685,4.0
P0073,Contemporary Glass Chair,Chair,Glass,White,Contemporary,8236,4.2
P0074,Vintage Fabric Wardrobe,Wardrobe,Fabric,Blue,Vintage,39272,4.1
P0075,Contemporary Leather Bed,Bed,Leather,Brown,Contemporary,15992,3.3
P0076,Modern Glass Wardrobe,Wardrobe,Glass,Brown,Modern,49367,5.0
P0077,Vintage Glass Chair,Chair,Glass,Beige,Vintage,2225,3.9
P0078,Industrial Wood Sofa,Sofa,Wood,Grey,Industrial,67135,4.0
P0079,Modern Fabric Bed,Bed,Fabric,Blue,Modern,16379,3.8
P0080,Modern Fabric Sofa,Sofa,Fabric,Beige,Modern,61653,4.6
P0081,Vintage Metal Chair,Chair,Metal,Beige,Vintage,9650,5.0
P0082,Contemporary Glass Bed,Bed,Glass,Black,Contemporary,47847,3.5
P0083,Minimalist Metal Bed,Bed,Metal,Grey,Minimalist,27467,3.9
P0084,Vintage Glass Bed,Bed,Glass,Blue,Vintage,34058,4.0
P0085,Contemporary Metal Sofa,Sofa,Metal,White,Contemporary,53149,3.3
P0086,Minimalist Wood Wardrobe,Wardrobe,Wood,Grey,Minimalist,15124,4.1
P0087,Vintage Wood Wardrobe,Wardrobe,Wood,Beige,Vintage,28168,3.7
P0088,Industrial Metal Bed,Bed,Metal,Black,Industrial,18935,4.9
P0089,Modern Metal Wardrobe,Wardrobe,Metal,Blue,Modern,41667,4.6
P0090,Minimalist Leather Bed,Bed,Leather,Grey,Minimalist,28779,4.7
P0091,Contemporary Leather Chair,Chair,Leather,Blue,Contemporary,6851,4.8
P0092,Contemporary Wood Bed,Bed,Wood,Black,Contemporary,47951,3.4
P0093,Contemporary Fabric Chair,Chair,Fabric,Beige,Contemporary,7470,3.1
P0094,Industrial Wood Chair,Chair,Wood,Beige,Industrial,5837,4.9
P0095,Vintage Glass Chair,Chair,Glass,Black,Vintage,7712,4.4
P0096,Industrial Glass Table,Table,Glass,Beige,Industrial,15235,4.3
P0097,Minimalist Metal Wardrobe,Wardrobe,Metal,Black,Minimalist,31729,3.5
P0098,Modern Leather Wardrobe,Wardrobe,Leather,Black,Modern,17198,4.8
P0099,Contemporary Fabric Bed,Bed,Fabric,Black,Contemporary,30478,3.9
P0100,Industrial Glass Sofa,Sofa,Glass,Grey,Industrial,24360,4.3
P0101,Industrial Metal Table,Table,Metal,Black,Industrial,22424,3.4
P0102,Contemporary Metal Table,Table,Metal,Black,Contemporary,22935,3.2
P0103,Modern Glass Wardrobe,Wardrobe,Glass,Brown,Modern,27044,4.1
P0104,Vintage Fabric Sofa,Sofa,Fabric,Grey,Vintage,45969,4.8
P0105,Industrial Leather Sofa,Sofa,Leather,White,Industrial,32407,4.9
P0106,Vintage Metal Wardrobe,Wardrobe,Metal,Grey,Vintage,20229,3.9
P0107,Vintage Glass Chair,Chair,Glass,Brown,Vintage,7435,3.5
P0108,Industrial Leather Sofa,Sofa,Leather,Beige,Industrial,41559,3.0
P0109,Contemporary Wood Chair,Chair,Wood,Brown,Contemporary,8612,5.0
P0110,Modern Wood Chair,Chair,Wood,White,Modern,3503,4.9
P0111,Modern Fabric Wardrobe,Wardrobe,Fabric,Brown,Modern,11847,4.2
P0112,Vintage Wood Bed,Bed,Wood,Blue,Vintage,48273,3.6
P0113,Vintage Metal Table,Table,Metal,Grey,Vintage,17075,4.7
P0114,Contemporary Leather Bed,Bed,Leather,Grey,Contemporary,44379,3.5
P0115,Minimalist Glass Bed,Bed,Glass,Brown,Minimalist,47664,4.7
P0116,Contemporary Fabric Table,Table,Fabric,Brown,Contemporary,6255,4.6
P0117,Industrial Fabric Sofa,Sofa,Fabric,Beige,Industrial,66502,3.8
P0118,Vintage Leather Chair,Chair,Leather,Beige,Vintage,3405,4.2
P0119,Modern Metal Chair,Chair,Metal,Beige,Modern,3573,3.2
P0120,Modern Wood Table,Table,Wood,Grey,Modern,10989,3.9
P0121,Vintage Fabric Chair,Chair,Fabric,Grey,Vintage,9809,4.7
P0122,Modern Wood Sofa,Sofa,Wood,Beige,Modern,21726,3.7
P0123,Vintage Leather Sofa,Sofa,Leather,Black,Vintage,36322,4.7
P0124,Contemporary Wood Chair,Chair,Wood,Blue,Contemporary,6272,3.6
P0125,Vintage Metal Wardrobe,Wardrobe,Metal,White,Vintage,15659,4.0
P0126,Contemporary Wood Table,Table,Wood,Brown,Contemporary,11424,3.3
P0127,Contemporary Leather Table,Table,Leather,Beige,Contemporary,18963,3.1
P0128,Minimalist Glass Sofa,Sofa,Glass,Beige,Minimalist,71790,4.1
P0129,Minimalist Glass Bed,Bed,Glass,Grey,Minimalist,24571,4.3
P0130,Vintage Glass Bed,Bed,Glass,Grey,Vintage,51731,3.2
P0131,Vintage Wood Table,Table,Wood,Blue,Vintage,11287,4.8
P0132,Contemporary Wood Chair,Chair,Wood,Blue,Contemporary,4561,4.9
P0133,Industrial Glass Table,Table,Glass,Black,Industrial,19292,4.0
P0134,Industrial Fabric Table,Table,Fabric,Black,Industrial,23662,4.0
P0135,Modern Metal Chair,Chair,Metal,Beige,Modern,9568,3.7
P0136,Minimalist Fabric Sofa,Sofa,Fabric,Black,Minimalist,50911,3.9
P0137,Vintage Glass Bed,Bed,Glass,Blue,Vintage,34106,4.0
P0138,Industrial Fabric Wardrobe,Wardrobe,Fabric,White,Industrial,46021,4.6
P0139,Industrial Fabric Bed,Bed,Fabric,Brown,Industrial,41141,3.0
P0140,Contemporary Wood Wardrobe,Wardrobe,Wood,Beige,Contemporary,21775,4.2
P0141,Contemporary Fabric Wardrobe,Wardrobe,Fabric,Black,Contemporary,43490,3.3
P0142,Minimalist Metal Chair,Chair,Metal,Brown,Minimalist,4665,4.4
P0143,Modern Glass Bed,Bed,Glass,Black,Modern,55909,3.5
P0144,Minimalist Wood Sofa,Sofa,Wood,Beige,Minimalist,28937,3.1
P0145,Vintage Metal Bed,Bed,Metal,Beige,Vintage,33308,4.0
P0146,Industrial Metal Wardrobe,Wardrobe,Metal,Beige,Industrial,40633,4.8
P0147,Vintage Metal Chair,Chair,Metal,Brown,Vintage,2974,3.6
P0148,Minimalist Metal Bed,Bed,Metal,Black,Minimalist,46002,3.1
P0149,Minimalist Metal Bed,Bed,Metal,White,Minimalist,23260,4.9
P0150,Industrial Glass Bed,Bed,Glass,Brown,Industrial,23920,3.6
P0151,Contemporary Leather Chair,Chair,Leather,Beige,Contemporary,8156,3.5
P0152,Contemporary Fabric Wardrobe,Wardrobe,Fabric,Grey,Contemporary,23398,4.5
P0153,Modern Glass Chair,Chair,Glass,Blue,Modern,2636,3.8
P0154,Vintage Metal Sofa,Sofa,Metal,Black,Vintage,69992,4.6
P0155,Contemporary Metal Wardrobe,Wardrobe,Metal,Grey,Contemporary,11410,3.2
P0156,Industrial Wood Chair,Chair,Wood,Brown,Industrial,5522,3.4
P0157,Contemporary Leather Chair,Chair,Leather,Beige,Contemporary,7503,4.2
P0158,Industrial Metal Wardrobe,Wardrobe,Metal,Brown,Industrial,20625,3.6
P0159,Industrial Leather Sofa,Sofa,Leather,Brown,Industrial,38329,3.8
P0160,Contemporary Fabric Table,Table,Fabric,Grey,Contemporary,21128,4.2
P0161,Modern Glass Chair,Chair,Glass,Beige,Modern,2631,3.6
P0162,Minimalist Fabric Sofa,Sofa,Fabric,Beige,Minimalist,57113,4.6
P0163,Industrial Wood Sofa,Sofa,Wood,Black,Industrial,25843,4.0
P0164,Minimalist Metal Bed,Bed,Metal,Brown,Minimalist,36384,3.4
P0165,Minimalist Leather Wardrobe,Wardrobe,Leather,Grey,Minimalist,23722,4.5
P0166,Minimalist Leather Chair,Chair,Leather,Beige,Minimalist,5823,4.1
P0167,Modern Glass Bed,Bed,Glass,Blue,Modern,55795,4.2
P0168,Vintage Leather Bed,Bed,Leather,Brown,Vintage,32906,4.7
P0169,Minimalist Leather Chair,Chair,Leather,White,Minimalist,3233,3.1
P0170,Minimalist Leather Chair,Chair,Leather,Black,Minimalist,2902,3.6
P0171,Minimalist Metal Wardrobe,Wardrobe,Metal,Black,Minimalist,15274,3.6
P0172,Minimalist Leather Wardrobe,Wardrobe,Leather,Brown,Minimalist,25928,4.0
P0173,Modern Metal Table,Table,Metal,Blue,Modern,17775,4.2
P0174,Vintage Glass Bed,Bed,Glass,Blue,Vintage,45976,3.1
P0175,Contemporary Wood Table,Table,Wood,Black,Contemporary,19613,4.2
P0176,Industrial Metal Bed,Bed,Metal,White,Industrial,44241,4.7
P0177,Vintage Glass Bed,Bed,Glass,Beige,Vintage,38776,4.3
P0178,Minimalist Wood Sofa,Sofa,Wood,Blue,Minimalist,65621,4.5
P0179,Contemporary Metal Chair,Chair,Metal,Brown,Contemporary,4736,4.4
P0180,Industrial Glass Sofa,Sofa,Glass,Beige,Industrial,33932,4.3
P0181,Contemporary Metal Bed,Bed,Metal,Blue,Contemporary,59201,3.6
P0182,Vintage Glass Sofa,Sofa,Glass,Grey,Vintage,32739,4.8
P0183,Vintage Glass Chair,Chair,Glass,Brown,Vintage,6045,4.9
P0184,Minimalist Metal Bed,Bed,Metal,Black,Minimalist,41958,3.6
P0185,Contemporary Wood Bed,Bed,Wood,Beige,Contemporary,56250,3.4
P0186,Vintage Leather Table,Table,Leather,Blue,Vintage,20405,3.2
P0187,Vintage Metal Chair,Chair,Metal,Beige,Vintage,5541,4.1
P0188,Modern Leather Table,Table,Leather,Beige,Modern,9245,4.6
P0189,Modern Metal Wardrobe,Wardrobe,Metal,White,Modern,14754,4.3
P0190,Minimalist Fabric Chair,Chair,Fabric,Grey,Minimalist,4835,4.0
P0191,Vintage Fabric Bed,Bed,Fabric,Blue,Vintage,49748,4.3
P0192,Minimalist Metal Table,Table,Metal,White,Minimalist,9519,4.8
P0193,Minimalist Wood Table,Table,Wood,White,Minimalist,13401,4.6
P0194,Minimalist Wood Chair,Chair,Wood,Beige,Minimalist,4483,4.2
P0195,Minimalist Metal Bed,Bed,Metal,White,Minimalist,46710,3.5
P0196,Industrial Wood Wardrobe,Wardrobe,Wood,Black,Industrial,29896,3.9
P0197,Minimalist Fabric Sofa,Sofa,Fabric,White,Minimalist,35041,3.2
P0198,Contemporary Leather Chair,Chair,Leather,Brown,Contemporary,5320,3.8
P0199,Vintage Metal Table,Table,Metal,Brown,Vintage,11626,3.3
P0200,Industrial Wood Sofa,Sofa,Wood,Brown,Industrial,42528,4.1
P0201,Modern Metal Bed,Bed,Metal,Black,Modern,37571,4.4
P0202,Modern Leather Sofa,Sofa,Leather,Grey,Modern,30364,3.6
P0203,Vintage Metal Chair,Chair,Metal,Blue,Vintage,2805,4.5
P0204,Industrial Leather Sofa,Sofa,Leather,Beige,Industrial,78895,4.2
P0205,Vintage Wood Wardrobe,Wardrobe,Wood,Black,Vintage,31231,4.1
P0206,Vintage Glass Chair,Chair,Glass,Grey,Vintage,4245,4.3
P0207,Industrial Glass Sofa,Sofa,Glass,White,Industrial,41138,3.7
P0208,Minimalist Glass Table,Table,Glass,Blue,Minimalist,7234,3.3
P0209,Industrial Wood Sofa,Sofa,Wood,Beige,Industrial,36115,4.4
P0210,Industrial Fabric Bed,Bed,Fabric,Grey,Industrial,50120,4.5
P0211,Industrial Metal Wardrobe,Wardrobe,Metal,White,Industrial,12894,4.9
P0212,Minimalist Metal Sofa,Sofa,Metal,Grey,Minimalist,67830,4.3
P0213,Vintage Leather Bed,Bed,Leather,Black,Vintage,51158,3.2
P0214,Minimalist Glass Table,Table,Glass,Beige,Minimalist,18931,3.2
P0215,Industrial Fabric Sofa,Sofa,Fabric,White,Industrial,72850,3.1
P0216,Industrial Glass Sofa,Sofa,Glass,Grey,Industrial,60127,4.3
P0217,Industrial Metal Chair,Chair,Metal,White,Industrial,5872,4.9
P0218,Modern Metal Table,Table,Metal,Brown,Modern,18064,3.8
P0219,Modern Fabric Table,Table,Fabric,Black,Modern,11961,4.7
P0220,Contemporary Metal Chair,Chair,Metal,Blue,Contemporary,3546,4.5
P0221,Minimalist Fabric Table,Table,Fabric,White,Minimalist,17304,4.0
P0222,Vintage Fabric Wardrobe,Wardrobe,Fabric,Blue,Vintage,31576,4.7
P0223,Vintage Metal Wardrobe,Wardrobe,Metal,Blue,Vintage,14801,3.8
P0224,Contemporary Wood Sofa,Sofa,Wood,Blue,Contemporary,50470,4.8
P0225,Vintage Fabric Sofa,Sofa,Fabric,Brown,Vintage,72244,3.1
P0226,Modern Fabric Chair,Chair,Fabric,Beige,Modern,5512,3.0
P0227,Vintage Wood Sofa,Sofa,Wood,Brown,Vintage,59632,3.7
P0228,Modern Wood Table,Table,Wood,Blue,Modern,9716,3.1
P0229,Minimalist Wood Bed,Bed,Wood,Brown,Minimalist,54257,4.4
P0230,Minimalist Fabric Sofa,Sofa,Fabric,Black,Minimalist,35898,4.6
P0231,Industrial Glass Chair,Chair,Glass,Black,Industrial,5724,3.8
P0232,Industrial Glass Chair,Chair,Glass,Blue,Industrial,5615,4.1
P0233,Industrial Glass Wardrobe,Wardrobe,Glass,Brown,Industrial,29685,3.0
P0234,Industrial Fabric Bed,Bed,Fabric,Brown,Industrial,48689,3.3
P0235,Contemporary Wood Bed,Bed,Wood,Grey,Contemporary,36266,4.3
P0236,Modern Leather Bed,Bed,Leather,Black,Modern,48987,3.0
P0237,Minimalist Glass Sofa,Sofa,Glass,Beige,Minimalist,46043,4.0
P0238,Industrial Wood Chair,Chair,Wood,White,Industrial,6819,4.1
P0239,Minimalist Leather Wardrobe,Wardrobe,Leather,Blue,Minimalist,18141,3.0
P0240,Vintage Wood Bed,Bed,Wood,Blue,Vintage,54755,3.6
P0241,Contemporary Leather Bed,Bed,Leather,White,Contemporary,31103,3.2
P0242,Minimalist Glass Sofa,Sofa,Glass,Blue,Minimalist,70895,3.5
P0243,Contemporary Wood Wardrobe,Wardrobe,Wood,Grey,Contemporary,46611,4.8
P0244,Minimalist Fabric Bed,Bed,Fabric,Brown,Minimalist,51345,4.4
P0245,Vintage Leather Bed,Bed,Leather,Blue,Vintage,47032,4.0
P0246,Modern Leather Table,Table,Leather,Brown,Modern,15772,4.6
P0247,Modern Metal Bed,Bed,Metal,Grey,Modern,28491,4.2
P0248,Minimalist Glass Bed,Bed,Glass,Brown,Minimalist,44037,3.4
P0249,Minimalist Glass Chair,Chair,Glass,White,Minimalist,6681,3.8
P0250,Industrial Leather Wardrobe,Wardrobe,Leather,White,Industrial,14484,3.7
P0251,Contemporary Wood Sofa,Sofa,Wood,Beige,Contemporary,68606,3.8
P0252,Minimalist Glass Table,Table,Glass,White,Minimalist,12536,4.0
P0253,Modern Leather Chair,Chair,Leather,Beige,Modern,4722,3.1
P0254,Minimalist Leather Sofa,Sofa,Leather,Grey,Minimalist,65528,3.7
P0255,Minimalist Glass Chair,Chair,Glass,Brown,Minimalist,5389,3.6
P0256,Minimalist Metal Wardrobe,Wardrobe,Metal,Grey,Minimalist,37137,4.0
P0257,Contemporary Wood Wardrobe,Wardrobe,Wood,Beige,Contemporary,45767,4.2
P0258,Minimalist Leather Wardrobe,Wardrobe,Leather,White,Minimalist,38842,3.5
P0259,Industrial Glass Chair,Chair,Glass,White,Industrial,9500,3.4
P0260,Vintage Glass Sofa,Sofa,Glass,Grey,Vintage,79169,4.9
P0261,Vintage Metal Wardrobe,Wardrobe,Metal,White,Vintage,46443,4.0
P0262,Modern Leather Bed,Bed,Leather,Brown,Modern,43711,3.7
P0263,Industrial Fabric Wardrobe,Wardrobe,Fabric,Beige,Industrial,48745,3.2
P0264,Minimalist Wood Chair,Chair,Wood,Grey,Minimalist,3833,4.5
P0265,Contemporary Fabric Wardrobe,Wardrobe,Fabric,Beige,Contemporary,29849,4.5
P0266,Minimalist Fabric Wardrobe,Wardrobe,Fabric,Blue,Minimalist,46691,3.3
P0267,Minimalist Fabric Wardrobe,Wardrobe,Fabric,Blue,Minimalist,18394,3.4
P0268,Industrial Wood Table,Table,Wood,Brown,Industrial,6249,4.9
P0269,Minimalist Wood Sofa,Sofa,Wood,Brown,Minimalist,28427,3.2
P0270,Industrial Fabric Wardrobe,Wardrobe,Fabric,Beige,Industrial,13877,3.0
P0271,Industrial Fabric Chair,Chair,Fabric,Blue,Industrial,4197,4.7
P0272,Contemporary Wood Sofa,Sofa,Wood,Brown,Contemporary,35870,4.3
P0273,Industrial Wood Bed,Bed,Wood,Beige,Industrial,29706,3.1
P0274,Minimalist Leather Bed,Bed,Leather,Black,Minimalist,38352,4.9
P0275,Industrial Leather Wardrobe,Wardrobe,Leather,White,Industrial,33961,4.0
P0276,Industrial Fabric Table,Table,Fabric,Beige,Industrial,5612,3.5
P0277,Contemporary Glass Chair,Chair,Glass,Black,Contemporary,3702,3.6
P0278,Modern Glass Table,Table,Glass,Black,Modern,22903,3.6
P0279,Industrial Glass Wardrobe,Wardrobe,Glass,Grey,Industrial,41208,4.1
P0280,Modern Wood Table,Table,Wood,Black,Modern,17682,4.8
P0281,Modern Glass Wardrobe,Wardrobe,Glass,Blue,Modern,35958,4.7
P0282,Contemporary Leather Wardrobe,Wardrobe,Leather,White,Contemporary,22214,3.5
P0283,Vintage Fabric Chair,Chair,Fabric,Blue,Vintage,7260,3.1
P0284,Industrial Fabric Wardrobe,Wardrobe,Fabric,Grey,Industrial,26941,4.2
P0285,Modern Metal Wardrobe,Wardrobe,Metal,Beige,Modern,35988,3.5
P0286,Modern Glass Table,Table,Glass,White,Modern,12169,3.2
P0287,Minimalist Leather Bed,Bed,Leather,Blue,Minimalist,24530,3.5
P0288,Vintage Wood Bed,Bed,Wood,Black,Vintage,47017,4.9
P0289,Contemporary Metal Sofa,Sofa,Metal,Grey,Contemporary,64050,4.2
P0290,Minimalist Fabric Bed,Bed,Fabric,White,Minimalist,43684,4.6
P0291,Industrial Fabric Wardrobe,Wardrobe,Fabric,Grey,Industrial,45220,3.6
P0292,Modern Leather Bed,Bed,Leather,Beige,Modern,15305,4.1
P0293,Minimalist Metal Wardrobe,Wardrobe,Metal,Black,Minimalist,12987,3.1
P0294,Contemporary Leather Chair,Chair,Leather,Beige,Contemporary,6385,3.6
P0295,Industrial Glass Wardrobe,Wardrobe,Glass,Grey,Industrial,31269,4.7
P0296,Minimalist Leather Bed,Bed,Leather,Black,Minimalist,53566,3.9
P0297,Minimalist Metal Sofa,Sofa,Metal,Blue,Minimalist,49239,3.3
P0298,Minimalist Fabric Table,Table,Fabric,Brown,Minimalist,14648,4.5
P0299,Industrial Metal Wardrobe,Wardrobe,Metal,Grey,Industrial,29157,4.9
P0300,Modern Leather Wardrobe,Wardrobe,Leather,Blue,Modern,43213,3.1
P0301,Minimalist Wood Table,Table,Wood,Grey,Minimalist,10143,3.8
P0302,Vintage Metal Table,Table,Metal,White,Vintage,11543,4.0
P0303,Industrial Leather Wardrobe,Wardrobe,Leather,Grey,Industrial,25165,3.6
P0304,Modern Wood Table,Table,Wood,Beige,Modern,9028,4.3
P0305,Vintage Metal Chair,Chair,Metal,Brown,Vintage,5904,4.5
P0306,Contemporary Leather Wardrobe,Wardrobe,Leather,Blue,Contemporary,45295,3.0
P0307,Vintage Wood Sofa,Sofa,Wood,Brown,Vintage,51088,4.4
P0308,Contemporary Leather Chair,Chair,Leather,White,Contemporary,2657,3.2
P0309,Industrial Leather Bed,Bed,Leather,Blue,Industrial,34054,4.2
P0310,Industrial Metal Sofa,Sofa,Metal,Black,Industrial,67682,4.8
P0311,Contemporary Leather Table,Table,Leather,Black,Contemporary,10798,4.2
P0312,Industrial Leather Chair,Chair,Leather,White,Industrial,6180,3.8
P0313,Vintage Leather Chair,Chair,Leather,Blue,Vintage,4107,4.7
P0314,Industrial Wood Chair,Chair,Wood,Brown,Industrial,5755,4.3
P0315,Minimalist Fabric Chair,Chair,Fabric,Blue,Minimalist,9636,3.5
P0316,Vintage Glass Table,Table,Glass,Black,Vintage,10374,4.7
P0317,Contemporary Glass Bed,Bed,Glass,Grey,Contemporary,27060,3.1
P0318,Industrial Fabric Table,Table,Fabric,Beige,Industrial,19000,4.9
P0319,Minimalist Wood Bed,Bed,Wood,White,Minimalist,58345,4.5
P0320,Modern Wood Chair,Chair,Wood,White,Modern,2056,3.5
P0321,Minimalist Leather Chair,Chair,Leather,Brown,Minimalist,3895,4.6
P0322,Minimalist Metal Sofa,Sofa,Metal,White,Minimalist,39341,3.3
P0323,Vintage Glass Wardrobe,Wardrobe,Glass,Black,Vintage,13493,4.6
P0324,Minimalist Metal Chair,Chair,Metal,Blue,Minimalist,8924,4.8
P0325,Minimalist Wood Wardrobe,Wardrobe,Wood,White,Minimalist,49880,3.0
P0326,Contemporary Metal Wardrobe,Wardrobe,Metal,Blue,Contemporary,15696,3.3
P0327,Vintage Metal Chair,Chair,Metal,Black,Vintage,3523,3.8
P0328,Contemporary Glass Sofa,Sofa,Glass,Beige,Contemporary,58863,3.5
P0329,Modern Fabric Wardrobe,Wardrobe,Fabric,Grey,Modern,46916,4.4
P0330,Modern Leather Wardrobe,Wardrobe,Leather,White,Modern,46489,3.3
P0331,Modern Glass Sofa,Sofa,Glass,Black,Modern,74644,5.0
P0332,Industrial Leather Table,Table,Leather,Beige,Industrial,12532,3.5
P0333,Minimalist Metal Wardrobe,Wardrobe,Metal,Grey,Minimalist,46924,4.8
P0334,Minimalist Wood Sofa,Sofa,Wood,Black,Minimalist,51975,3.4
P0335,Minimalist Wood Sofa,Sofa,Wood,White,Minimalist,62344,3.4
P0336,Minimalist Wood Bed,Bed,Wood,Blue,Minimalist,40339,3.0
P0337,Vintage Leather Bed,Bed,Leather,Brown,Vintage,58360,4.0
P0338,Minimalist Glass Chair,Chair,Glass,Grey,Minimalist,3217,5.0
P0339,Contemporary Glass Chair,Chair,Glass,Blue,Contemporary,4593,3.9
P0340,Vintage Wood Bed,Bed,Wood,Brown,Vintage,23795,4.8
P0341,Minimalist Wood Chair,Chair,Wood,Brown,Minimalist,7250,4.8
P0342,Industrial Leather Bed,Bed,Leather,Black,Industrial,53361,3.6
P0343,Modern Fabric Chair,Chair,Fabric,Grey,Modern,7456,4.0
P0344,Vintage Glass Chair,Chair,Glass,Black,Vintage,8172,4.8
P0345,Modern Fabric Sofa,Sofa,Fabric,Blue,Modern,37084,5.0
P0346,Minimalist Fabric Sofa,Sofa,Fabric,Grey,Minimalist,39537,4.2
P0347,Minimalist Fabric Sofa,Sofa,Fabric,Black,Minimalist,64659,4.6
P0348,Minimalist Metal Table,Table,Metal,Grey,Minimalist,7355,4.4
P0349,Minimalist Wood Chair,Chair,Wood,Black,Minimalist,4922,4.8
P0350,Minimalist Glass Wardrobe,Wardrobe,Glass,Grey,Minimalist,32274,3.8
P0351,Minimalist Metal Table,Table,Metal,Beige,Minimalist,21596,4.5
P0352,Industrial Leather Wardrobe,Wardrobe,Leather,Brown,Industrial,17319,4.1
P0353,Contemporary Wood Sofa,Sofa,Wood,Brown,Contemporary,61271,3.1
P0354,Industrial Glass Chair,Chair,Glass,Grey,Industrial,7431,4.0
P0355,Vintage Leather Sofa,Sofa,Leather,Grey,Vintage,57225,3.2
P0356,Modern Wood Bed,Bed,Wood,Blue,Modern,33501,3.7
P0357,Contemporary Metal Wardrobe,Wardrobe,Metal,Black,Contemporary,46180,5.0
P0358,Industrial Metal Bed,Bed,Metal,Blue,Industrial,37452,3.6
P0359,Minimalist Metal Table,Table,Metal,Beige,Minimalist,10525,4.2
P0360,Vintage Metal Chair,Chair,Metal,Grey,Vintage,4253,4.7
P0361,Vintage Fabric Table,Table,Fabric,Brown,Vintage,13279,4.6
P0362,Modern Metal Wardrobe,Wardrobe,Metal,Grey,Modern,28650,4.8
P0363,Industrial Fabric Chair,Chair,Fabric,Brown,Industrial,4421,3.0
P0364,Industrial Metal Table,Table,Metal,Grey,Industrial,14781,4.1
P0365,Minimalist Fabric Chair,Chair,Fabric,Blue,Minimalist,3557,3.1
P0366,Industrial Glass Bed,Bed,Glass,Beige,Industrial,20522,5.0
P0367,Modern Metal Sofa,Sofa,Metal,Grey,Modern,64395,4.2
P0368,Modern Metal Wardrobe,Wardrobe,Metal,Beige,Modern,34822,4.9
P0369,Industrial Wood Chair,Chair,Wood,Grey,Industrial,2490,4.5
P0370,Industrial Glass Table,Table,Glass,White,Industrial,13406,3.8
P0371,Industrial Metal Chair,Chair,Metal,Brown,Industrial,4431,4.6
P0372,Vintage Glass Bed,Bed,Glass,Beige,Vintage,29900,4.6
P0373,Contemporary Leather Chair,Chair,Leather,Grey,Contemporary,5306,3.0
P0374,Contemporary Wood Wardrobe,Wardrobe,Wood,White,Contemporary,21437,3.7
P0375,Industrial Glass Sofa,Sofa,Glass,Black,Industrial,25075,4.4
P0376,Minimalist Leather Chair,Chair,Leather,Black,Minimalist,6867,4.5
P0377,Contemporary Glass Bed,Bed,Glass,White,Contemporary,43110,4.4
P0378,Contemporary Metal Bed,Bed,Metal,Brown,Contemporary,28816,4.1
P0379,Industrial Wood Chair,Chair,Wood,Blue,Industrial,7480,3.7
P0380,Industrial Wood Wardrobe,Wardrobe,Wood,White,Industrial,40042,3.5
P0381,Modern Wood Table,Table,Wood,Beige,Modern,20428,3.1
P0382,Industrial Glass Bed,Bed,Glass,Brown,Industrial,48877,3.1
P0383,Minimalist Fabric Chair,Chair,Fabric,Brown,Minimalist,9395,4.9
P0384,Contemporary Metal Wardrobe,Wardrobe,Metal,Grey,Contemporary,47690,4.1
P0385,Minimalist Metal Sofa,Sofa,Metal,Brown,Minimalist,28517,3.5
P0386,Minimalist Fabric Chair,Chair,Fabric,Blue,Minimalist,4884,3.9
P0387,Vintage Fabric Wardrobe,Wardrobe,Fabric,White,Vintage,20059,3.7
P0388,Industrial Leather Chair,Chair,Leather,Brown,Industrial,9680,3.3
P0389,Modern Glass Chair,Chair,Glass,Brown,Modern,7087,4.0
P0390,Industrial Glass Bed,Bed,Glass,Beige,Industrial,43457,4.4
P0391,Contemporary Metal Sofa,Sofa,Metal,Black,Contemporary,74410,3.7
P0392,Modern Fabric Table,Table,Fabric,Black,Modern,6327,3.4
P0393,Minimalist Glass Bed,Bed,Glass,White,Minimalist,54167,3.3
P0394,Minimalist Wood Chair,Chair,Wood,Beige,Minimalist,3153,4.6
P0395,Industrial Glass Chair,Chair,Glass,Blue,Industrial,5376,3.9
P0396,Contemporary Leather Sofa,Sofa,Leather,Black,Contemporary,72437,4.2
P0397,Vintage Wood Sofa,Sofa,Wood,Black,Vintage,45880,4.6
P0398,Vintage Wood Chair,Chair,Wood,Grey,Vintage,7513,4.5
P0399,Contemporary Leather Sofa,Sofa,Leather,White,Contemporary,73989,3.4
P0400,Contemporary Wood Table,Table,Wood,White,Contemporary,10730,3.5
P0401,Contemporary Wood Wardrobe,Wardrobe,Wood,White,Contemporary,17965,3.3
P0402,Minimalist Metal Sofa,Sofa,Metal,Black,Minimalist,68642,3.3
P0403,Contemporary Glass Wardrobe,Wardrobe,Glass,White,Contemporary,38078,4.8
P0404,Vintage Wood Chair,Chair,Wood,Grey,Vintage,3914,3.3
P0405,Industrial Leather Table,Table,Leather,Black,Industrial,16884,3.0
P0406,Vintage Leather Wardrobe,Wardrobe,Leather,Blue,Vintage,20521,3.1
P0407,Vintage Metal Chair,Chair,Metal,Brown,Vintage,8727,3.6
P0408,Contemporary Wood Chair,Chair,Wood,Grey,Contemporary,5038,3.4
P0409,Vintage Leather Chair,Chair,Leather,Blue,Vintage,6253,3.3
P0410,Contemporary Leather Chair,Chair,Leather,Black,Contemporary,2497,4.2
P0411,Modern Metal Sofa,Sofa,Metal,Black,Modern,64859,4.5
P0412,Minimalist Leather Wardrobe,Wardrobe,Leather,White,Minimalist,28617,4.2
P0413,Industrial Wood Sofa,Sofa,Wood,Brown,Industrial,22860,3.0
P0414,Minimalist Leather Wardrobe,Wardrobe,Leather,Grey,Minimalist,11601,3.7
P0415,Contemporary Glass Chair,Chair,Glass,Beige,Contemporary,8236,3.1
P0416,Contemporary Wood Sofa,Sofa,Wood,White,Contemporary,55110,3.3
P0417,Contemporary Wood Bed,Bed,Wood,Brown,Contemporary,42937,4.4
P0418,Vintage Glass Bed,Bed,Glass,Black,Vintage,49203,3.8
P0419,Minimalist Fabric Chair,Chair,Fabric,White,Minimalist,5618,3.3
P0420,Industrial Leather Sofa,Sofa,Leather,White,Industrial,45607,4.9
P0421,Vintage Fabric Bed,Bed,Fabric,Blue,Vintage,38219,4.5
P0422,Vintage Glass Bed,Bed,Glass,Beige,Vintage,16780,4.8
P0423,Modern Fabric Wardrobe,Wardrobe,Fabric,Black,Modern,27859,3.5
P0424,Modern Leather Chair,Chair,Leather,Black,Modern,8954,3.1
P0425,Modern Leather Table,Table,Leather,Black,Modern,19355,3.6
P0426,Contemporary Wood Table,Table,Wood,Black,Contemporary,21129,3.2
P0427,Modern Wood Wardrobe,Wardrobe,Wood,Brown,Modern,25852,3.2
P0428,Vintage Fabric Bed,Bed,Fabric,Black,Vintage,17653,3.5
P0429,Contemporary Wood Bed,Bed,Wood,White,Contemporary,39263,3.3
P0430,Modern Leather Sofa,Sofa,Leather,Beige,Modern,79667,3.8
P0431,Industrial Metal Sofa,Sofa,Metal,Brown,Industrial,20774,3.1
P0432,Vintage Fabric Sofa,Sofa,Fabric,Black,Vintage,42488,3.5
P0433,Contemporary Glass Chair,Chair,Glass,Grey,Contemporary,3359,3.4
P0434,Industrial Metal Wardrobe,Wardrobe,Metal,Beige,Industrial,23569,4.3
P0435,Modern Glass Wardrobe,Wardrobe,Glass,Black,Modern,34853,3.5
P0436,Modern Fabric Bed,Bed,Fabric,Blue,Modern,28903,3.9
P0437,Modern Metal Bed,Bed,Metal,Grey,Modern,28033,4.8
P0438,Modern Wood Sofa,Sofa,Wood,Grey,Modern,22750,4.1
P0439,Vintage Leather Sofa,Sofa,Leather,Brown,Vintage,58992,4.2
P0440,Industrial Metal Chair,Chair,Metal,Brown,Industrial,2774,3.4
P0441,Vintage Glass Chair,Chair,Glass,Black,Vintage,6983,4.7
P0442,Minimalist Metal Sofa,Sofa,Metal,White,Minimalist,27667,4.5
P0443,Modern Metal Bed,Bed,Metal,Grey,Modern,30427,3.3
P0444,Vintage Metal Sofa,Sofa,Metal,Grey,Vintage,23097,3.6
P0445,Contemporary Glass Wardrobe,Wardrobe,Glass,Beige,Contemporary,40152,4.5
P0446,Modern Fabric Chair,Chair,Fabric,White,Modern,9063,4.5
P0447,Modern Metal Bed,Bed,Metal,Brown,Modern,49332,3.8
P0448,Modern Fabric Table,Table,Fabric,White,Modern,18607,3.7
P0449,Minimalist Fabric Table,Table,Fabric,Beige,Minimalist,13125,3.8
P0450,Contemporary Wood Bed,Bed,Wood,Grey,Contemporary,30633,4.6
P0451,Contemporary Glass Wardrobe,Wardrobe,Glass,Beige,Contemporary,41192,5.0
P0452,Vintage Metal Wardrobe,Wardrobe,Metal,Beige,Vintage,25739,3.9
P0453,Modern Wood Wardrobe,Wardrobe,Wood,Brown,Modern,30441,3.7
P0454,Modern Leather Table,Table,Leather,Black,Modern,12082,3.5
P0455,Vintage Leather Sofa,Sofa,Leather,Black,Vintage,28796,4.7
P0456,Industrial Wood Chair,Chair,Wood,Blue,Industrial,2485,3.3
P0457,Industrial Glass Bed,Bed,Glass,Beige,Industrial,51075,5.0
P0458,Vintage Metal Wardrobe,Wardrobe,Metal,Black,Vintage,33920,3.9
P0459,Minimalist Wood Chair,Chair,Wood,Beige,Minimalist,2917,3.8
P0460,Modern Leather Table,Table,Leather,Brown,Modern,23075,4.7
P0461,Contemporary Glass Bed,Bed,Glass,Black,Contemporary,57029,3.3
P0462,Industrial Wood Bed,Bed,Wood,Grey,Industrial,39190,4.1
P0463,Contemporary Fabric Table,Table,Fabric,Blue,Contemporary,17783,3.8
P0464,Minimalist Fabric Sofa,Sofa,Fabric,Brown,Minimalist,40898,4.9
P0465,Industrial Metal Table,Table,Metal,White,Industrial,21737,4.2
P0466,Vintage Leather Table,Table,Leather,Black,Vintage,16552,3.8
P0467,Vintage Wood Table,Table,Wood,Beige,Vintage,10865,3.5
P0468,Industrial Leather Sofa,Sofa,Leather,Grey,Industrial,42680,4.8
P0469,Modern Leather Wardrobe,Wardrobe,Leather,Grey,Modern,30593,4.6
P0470,Vintage Leather Wardrobe,Wardrobe,Leather,Brown,Vintage,49131,4.8
P0471,Contemporary Metal Table,Table,Metal,Black,Contemporary,24691,4.3
P0472,Modern Glass Wardrobe,Wardrobe,Glass,Beige,Modern,44058,4.4
P0473,Industrial Glass Sofa,Sofa,Glass,White,Industrial,60303,3.1
P0474,Modern Metal Sofa,Sofa,Metal,Blue,Modern,23450,3.7
P0475,Industrial Leather Sofa,Sofa,Leather,Blue,Industrial,66189,4.6
P0476,Industrial Leather Sofa,Sofa,Leather,Black,Industrial,24966,4.4
P0477,Industrial Fabric Table,Table,Fabric,White,Industrial,19981,3.4
P0478,Vintage Glass Table,Table,Glass,Grey,Vintage,20314,4.3
P0479,Industrial Wood Table,Table,Wood,Grey,Industrial,10215,3.8
P0480,Industrial Glass Chair,Chair,Glass,White,Industrial,4856,4.6
P0481,Minimalist Metal Chair,Chair,Metal,Black,Minimalist,7747,4.4
P0482,Modern Leather Wardrobe,Wardrobe,Leather,Blue,Modern,43343,3.5
P0483,Modern Fabric Sofa,Sofa,Fabric,Beige,Modern,75547,4.7
P0484,Minimalist Fabric Chair,Chair,Fabric,White,Minimalist,6659,4.8
P0485,Minimalist Leather Sofa,Sofa,Leather,Beige,Minimalist,70459,3.0
P0486,Minimalist Wood Chair,Chair,Wood,Brown,Minimalist,3693,3.1
P0487,Contemporary Metal Sofa,Sofa,Metal,Black,Contemporary,71551,3.8
P0488,Contemporary Metal Bed,Bed,Metal,Grey,Contemporary,40071,3.4
P0489,Modern Fabric Bed,Bed,Fabric,Beige,Modern,29190,4.2
P0490,Vintage Leather Table,Table,Leather,Brown,Vintage,19588,3.6
P0491,Contemporary Glass Table,Table,Glass,White,Contemporary,7639,3.8
P0492,Vintage Leather Sofa,Sofa,Leather,Black,Vintage,52856,3.6
P0493,Contemporary Metal Table,Table,Metal,Grey,Contemporary,20306,3.7
P0494,Minimalist Glass Wardrobe,Wardrobe,Glass,Beige,Minimalist,30918,3.2
P0495,Minimalist Leather Wardrobe,Wardrobe,Leather,Beige,Minimalist,40296,4.3
P0496,Minimalist Metal Sofa,Sofa,Metal,Brown,Minimalist,24735,4.5
P0497,Vintage Leather Chair,Chair,Leather,Grey,Vintage,7670,4.6
P0498,Vintage Leather Chair,Chair,Leather,Black,Vintage,8026,4.3
P0499,Contemporary Leather Sofa,Sofa,Leather,Black,Contemporary,39878,4.1
P0500,Industrial Leather Chair,Chair,Leather,Black,Industrial,4941,3.0
